observation,discussion,recommendation
The training event unfolded without clear communication regarding the schedule and objectives.,"Attendees found themselves adrift amidst shifting schedules and vague goals, hindering their ability to fully immerse in the experience.","Craft a detailed agenda that maps out session objectives and timelines, guiding participants through a structured journey of discovery and learning."
"Engagement soared during the simulation exercises, offering participants a thrilling hands-on experience.","Enthusiasm bubbled as participants delved into lifelike scenarios, applying theoretical knowledge to practical challenges with gusto.","Expand the repertoire of simulation-based activities, inviting participants to dive deeper into immersive learning experiences that sharpen their skills and ingenuity."
"Technical gremlins plagued the training, disrupting the flow with frustrating equipment malfunctions.","As participants grappled with glitches, frustration mounted, impeding the seamless execution of exercises.","Implement rigorous equipment maintenance protocols and contingency plans, ensuring smooth operations by preempting and swiftly resolving technical hiccups."
"The training scenarios predominantly revolved around conventional warfare, leaving little room for exploration of emerging threats and unconventional strategies.","While traditional warfare held its allure, participants yearned for a glimpse into the ever-evolving landscape of modern conflict.","Diversify the training curriculum with a kaleidoscope of scenarios, spanning cyber warfare, humanitarian missions, and peacekeeping operations, fostering adaptability and readiness for an unpredictable world."
"Facilitators occasionally delved too deep into technical jargon, leaving some participants adrift in a sea of unfamiliar terms.","As discussions veered into the realm of complexity, confusion blossomed, alienating those less versed in technical lingo.","Encourage facilitators to speak the language of clarity and accessibility, ensuring all participants sail smoothly through the seas of knowledge without getting lost in jargon-laden waters."
"Breakout group discussions meandered without direction, diluting the potency of collaboration and discourse.","Amidst the cacophony of voices, participants yearned for the beacon of structure to illuminate their path.","Chart a course for breakout groups with clear guidelines and discussion prompts, steering conversations toward meaningful shores of discovery and insight."
"External disturbances infiltrated the training environment, disrupting the symphony of learning with discordant notes.","As construction clamor and equipment din encroached upon the training space, concentration waned, stifling the pursuit of knowledge.","Seek refuge in tranquil training locales or fortify existing spaces against the siege of external disturbances, cultivating an oasis of focused learning."
"Training materials lacked freshness and depth, presenting participants with a parched landscape devoid of relevance and nourishment.","As participants navigated the desert of outdated materials, thirst for knowledge remained unquenched, stifling growth and understanding.","Infuse the training arsenal with fresh insights and in-depth analysis, cultivating a verdant landscape of learning that nourishes the mind and soul."
"Training sessions overstretched their welcome, exhausting participants and diluting the potency of knowledge transfer.","As hours stretched into eternity, fatigue crept in, casting a shadow over the landscape of learning.","Carve the training journey into manageable segments, punctuated by respites of rest and rejuvenation, preserving the vitality of engagement and retention."
"The training environment lacked the spice of interactivity, leaving participants hungering for the flavor of engagement and immersion.","As lectures dominated the menu, participants yearned for a feast of interaction and hands-on exploration.","Craft a smorgasbord of interactive experiences, tantalizing the palate of learning with group discussions, case studies, and practical exercises that sate the hunger for engagement."
"Amenities at the training facility fell short of providing comfort and convenience, leaving participants longing for a haven amidst the storm of learning.","As discomfort loomed and refreshment waned, the quest for comfort remained unfulfilled, casting a pall over the learning landscape.","Elevate the training experience by selecting venues that offer a cornucopia of comfort and convenience, nurturing a sanctuary of focus and productivity."
"Cross-functional collaboration and communication suffered from neglect, leaving participants stranded in silos of specialization.","As departmental boundaries loomed large, the bridge of collaboration crumbled, obstructing the flow of unity and synergy.","Forge bonds of collaboration and communication through targeted exercises and simulations, bridging the chasm between departments and fostering a culture of cohesion and cooperation."
"The evaluation process remained shrouded in mystery, leaving participants adrift without a compass to navigate their progress and performance.","As uncertainty clouded the horizon, anxiety bloomed, stifling the spirit of growth and improvement.","Illuminate the path of evaluation with clear criteria and transparent expectations, guiding participants on their journey of self-discovery and development."
"Opportunities for peer feedback and knowledge sharing remained untapped, leaving participants yearning for the camaraderie of shared insights and experiences.","As the wellspring of peer wisdom lay dormant, the landscape of learning remained barren, devoid of the nourishing waters of collaboration.","Cultivate a culture of peer engagement and knowledge exchange through structured feedback sessions and collaborative discussions, nurturing a garden of shared growth and understanding."
"The training content failed to keep pace with the winds of innovation, leaving participants stranded in the doldrums of outdated knowledge and techniques.","As the currents of innovation swept past, the sails of learning remained furled, impeding progress and exploration.","Navigate the seas of innovation with agility and foresight, updating the training curriculum to embrace the latest advancements and methodologies, charting a course for continuous improvement and excellence."
"The training journey veered off course, losing sight of the shores of relevance and applicability to real-world challenges.","As the compass of relevance faltered, participants found themselves adrift in a sea of abstraction, disconnected from the realities of their operational environment.","Chart a course that steers close to the shores of practicality and relevance, anchoring the training journey in the harbor of real-world challenges and experiences."
"Lecture-style presentations dominated the training landscape, leaving participants adrift in a sea of passive learning and monotony.","As the tides of engagement ebbed, the beacon of interaction remained dim, casting shadows over the landscape of learning.","Embrace the spirit of interactive learning, infusing sessions with dynamic discussions, group activities, and experiential exercises that captivate the imagination and ignite the flames of curiosity."
"Diversity in perspectives and experiences remained elusive, leaving participants stranded in a sea of uniformity and homogeneity.","As the tapestry of perspectives remained monochromatic, the landscape of learning remained barren, devoid of the vibrant hues of diversity and inclusion.","Cultivate a garden of diversity and inclusion, sowing seeds of representation and equity that bloom into a landscape of enriched discourse and understanding."
"The training exercises felt scripted and contrived, leaving participants yearning for the spontaneity of real-world scenarios and challenges.","As the curtain rose on rehearsed performances, the magic of authenticity remained elusive, shrouded in the shadows of predictability.","Breathe life into training exercises with the spontaneity of real-world scenarios, embracing the unpredictability of challenges and the thrill of adaptive response."
"Follow-up mechanisms for long-term learning assessment were absent, leaving participants adrift without a compass to navigate their growth and development post-training.","As the echoes of training faded into the distance, participants found themselves stranded on the shores of uncertainty, without a lifeline to guide their continued journey.","Chart a course for continuous learning and improvement, implementing post-training assessments and follow-up sessions to ensure sustained growth and development."
"The training sessions unfolded amidst a cacophony of conflicting instructions from different sources, leaving attendees bewildered and frustrated.","Navigating through this labyrinth of guidance, participants found themselves adrift, hindering their progress and engagement with the sessions.","Establish a unified communication framework among all involved parties, ensuring consistency in guidance and providing a clear roadmap for participants' learning journey."
"The training materials seemed to overlook the diverse range of needs, particularly of participants with disabilities, erecting barriers that hindered full engagement with the content.","As these barriers persisted, inclusivity took a hit, robbing individuals of equitable learning opportunities.","Augment the inclusivity of training materials by integrating features such as alternative text and captions, ensuring accessibility for all participants regardless of their abilities."
"In the melting pot of backgrounds and experiences among participants, discussions failed to harness the rich tapestry of perspectives, missing out on valuable insights and learning opportunities.","As this mosaic remained fragmented, the potential for rich dialogue and learning remained untapped.","Cultivate an environment conducive to diverse perspectives by structuring activities that encourage participants to share their unique insights, enriching the collective learning experience."
"The rigid structure of the training schedule left little room for maneuvering, forcing participants to grapple with conflicting priorities and emergencies.","As flexibility waned, stress levels soared, impeding participants' ability to fully immerse themselves in the learning process.","Introduce flexible scheduling options that accommodate individual needs, allowing for breaks or rescheduling to promote a healthier and more adaptive learning environment."
"Opportunities for networking and forging connections among participants seemed scarce, hindering the cultivation of a supportive learning community.","As the threads of connection remained scattered, the fabric of community failed to weave together, depriving participants of collaborative opportunities.",Facilitate networking sessions and group activities to foster meaningful connections beyond the confines of the training program.
"The technological infrastructure of the training venue appeared ill-equipped to support the demands of modern learning, hampering access to essential resources and collaborative tools.","As technological barriers persisted, participants grappled with frustration and inefficiency, hindering their engagement with the training content.","Invest in upgrading the technological infrastructure to ensure seamless access to resources, empowering participants to leverage technology for enhanced learning experiences."
"Participants expressed a sense of abandonment post-training, with no support system in place to guide them through the application of newfound knowledge and skills.","As the echoes of training faded, participants found themselves adrift, lacking guidance or resources to navigate their professional development.","Establish a comprehensive post-training support system, offering ongoing mentorship and resources to facilitate the application of learning in real-world contexts."
"The one-size-fits-all approach of the training materials failed to cater to the diverse learning styles and preferences among participants, leaving some feeling excluded and disengaged.","As the spectrum of learning styles remained underserved, participants struggled to fully engage with the content, hindering their overall learning experience.","Diversify presentation methods and activities to accommodate various learning styles, ensuring all participants can effectively engage with the material."
"Facilitators grappled with the challenge of managing time effectively, often resulting in sessions running over schedule and disrupting the flow of activities.","As time slipped away, facilitators found themselves struggling to maintain pacing and momentum, impacting participants' overall learning experience.",Provide facilitators with training on effective time management techniques to optimize session planning and ensure timely completion of activities.
Participants expressed a desire for more opportunities to contribute feedback and shape the trajectory of the training program.,"As the wealth of participant feedback remained untapped, the potential for program improvement went unrealized.","Implement mechanisms for collecting ongoing feedback from participants, fostering a culture of continuous improvement and responsiveness to their needs and preferences."
The theoretical nature of the training content left participants feeling disconnected from real-world applications and relevance to their professional contexts.,"As the gap between theory and practice widened, participants struggled to bridge the divide and apply their learning in practical settings.","Customize the training curriculum to align with participants' goals and interests, ensuring content is relevant and applicable to their specific contexts."
"Facilitators leaned heavily on traditional lecture-style presentations, overlooking opportunities for interactive engagement and participant-driven exploration.","As the monologue of lectures continued, interaction and engagement remained stagnant, depriving participants of valuable learning experiences.","Encourage facilitators to adopt interactive approaches that promote dialogue and critical thinking, enriching the learning environment and fostering active participation."
Participants expressed a desire for more hands-on practice and application opportunities to reinforce their learning.,"As the gap between theory and practice widened, participants yearned for opportunities to apply their learning in simulated or real-world contexts.",Incorporate practical exercises and simulations to provide participants with valuable hands-on experience and skill development opportunities.
"The training curriculum lacked alignment with participants' career aspirations and development goals, resulting in a sense of detachment and disengagement.","As the curriculum diverged from participants' career trajectories, the learning journey felt aimless and disjointed.","Tailor the curriculum to align with participants' specific career goals and development needs, ensuring content is relevant and meaningful to their professional growth."
"Facilitators struggled to maintain participants' engagement throughout the sessions, often facing challenges in sustaining interest and attention.","As engagement waned, facilitators found themselves grappling with maintaining a dynamic and stimulating learning environment.","Implement dynamic facilitation strategies and interactive techniques to captivate participants' interest and maintain engagement, fostering a lively and enriching learning experience."
"The training program lacked opportunities for reflection and self-assessment, hindering participants' ability to consolidate their learning and track their progress.","As reflection remained obscured, participants navigated through the training without pausing to assess their understanding or growth.","Incorporate structured reflection exercises and self-assessment tools into the training program to promote introspection and self-awareness, enhancing the overall learning experience."
"Participants expressed uncertainty regarding learning objectives and expectations for the training program, impacting their ability to navigate the learning journey effectively.","As ambiguity clouded the horizon, participants struggled to discern the destination of their learning journey, hindering their overall progress and engagement.","Communicate clear learning objectives and expectations to participants from the outset, providing them with a roadmap for their learning journey and empowering them to set meaningful goals for success."
"Facilitators occasionally veered off-topic during discussions, diluting the focus and coherence of the sessions and leaving participants feeling disconnected.","As discussions wandered, participants grappled with distractions and struggled to maintain engagement.","Establish guidelines for discussions to maintain focus and coherence, ensuring that sessions remain productive and meaningful for all participants."
